<?xml version="1.0" encoding="UTF-8"?>
<gamestatus>
  <savefile num="1" type="ff8" slot="1">
    <timestamp></timestamp>
    <signature>9c4b9c27b95006dba89b34590be950e6</signature>
  </savefile>
  <savefile num="2" type="ff8" slot="1">
    <timestamp></timestamp>
    <signature>9c4b9c27b95006dba89b34590be950e6</signature>
  </savefile>
  <savefile num="3" type="ff8" slot="1">
    <timestamp></timestamp>
    <signature>9c4b9c27b95006dba89b34590be950e6</signature>
  </savefile>
  <savefile num="4" type="ff8" slot="1">
    <timestamp></timestamp>
    <signature>9c4b9c27b95006dba89b34590be950e6</signature>
  </savefile>
  <savefile num="5" type="ff8" slot="1">
    <timestamp></timestamp>
    <signature>9c4b9c27b95006dba89b34590be950e6</signature>
  </savefile>
  <savefile num="6" type="ff8" slot="1">
    <timestamp></timestamp>
    <signature>9c4b9c27b95006dba89b34590be950e6</signature>
  </savefile>
  <savefile num="7" type="ff8" slot="1">
    <timestamp></timestamp>
    <signature>9c4b9c27b95006dba89b34590be950e6</signature>
  </savefile>
  <savefile num="8" type="ff8" slot="1">
    <timestamp></timestamp>
    <signature>9c4b9c27b95006dba89b34590be950e6</signature>
  </savefile>
  <savefile num="9" type="ff8" slot="1">
    <timestamp></timestamp>
    <signature>9c4b9c27b95006dba89b34590be950e6</signature>
  </savefile>
  <savefile num="10" type="ff8" slot="1">
    <timestamp></timestamp>
    <signature>9c4b9c27b95006dba89b34590be950e6</signature>
  </savefile>
  <savefile num="11" type="ff8" slot="1">
    <timestamp></timestamp>
    <signature>9c4b9c27b95006dba89b34590be950e6</signature>
  </savefile>
  <savefile num="12" type="ff8" slot="1">
    <timestamp></timestamp>
    <signature>9c4b9c27b95006dba89b34590be950e6</signature>
  </savefile>
  <savefile num="13" type="ff8" slot="1">
    <timestamp></timestamp>
    <signature>9c4b9c27b95006dba89b34590be950e6</signature>
  </savefile>
  <savefile num="14" type="ff8" slot="1">
    <timestamp></timestamp>
    <signature>9c4b9c27b95006dba89b34590be950e6</signature>
  </savefile>
  <savefile num="15" type="ff8" slot="1">
    <timestamp></timestamp>
    <signature>9c4b9c27b95006dba89b34590be950e6</signature>
  </savefile>
  <savefile num="16" type="ff8" slot="1">
    <timestamp></timestamp>
    <signature>9c4b9c27b95006dba89b34590be950e6</signature>
  </savefile>
  <savefile num="17" type="ff8" slot="1">
    <timestamp></timestamp>
    <signature>9c4b9c27b95006dba89b34590be950e6</signature>
  </savefile>
  <savefile num="18" type="ff8" slot="1">
    <timestamp></timestamp>
    <signature>9c4b9c27b95006dba89b34590be950e6</signature>
  </savefile>
  <savefile num="19" type="ff8" slot="1">
    <timestamp></timestamp>
    <signature>9c4b9c27b95006dba89b34590be950e6</signature>
  </savefile>
  <savefile num="20" type="ff8" slot="1">
    <timestamp></timestamp>
    <signature>9c4b9c27b95006dba89b34590be950e6</signature>
  </savefile>
  <savefile num="21" type="ff8" slot="1">
    <timestamp></timestamp>
    <signature>9c4b9c27b95006dba89b34590be950e6</signature>
  </savefile>
  <savefile num="22" type="ff8" slot="1">
    <timestamp></timestamp>
    <signature>9c4b9c27b95006dba89b34590be950e6</signature>
  </savefile>
  <savefile num="23" type="ff8" slot="1">
    <timestamp></timestamp>
    <signature>9c4b9c27b95006dba89b34590be950e6</signature>
  </savefile>
  <savefile num="24" type="ff8" slot="1">
    <timestamp></timestamp>
    <signature>9c4b9c27b95006dba89b34590be950e6</signature>
  </savefile>
  <savefile num="25" type="ff8" slot="1">
    <timestamp></timestamp>
    <signature>9c4b9c27b95006dba89b34590be950e6</signature>
  </savefile>
  <savefile num="26" type="ff8" slot="1">
    <timestamp></timestamp>
    <signature>9c4b9c27b95006dba89b34590be950e6</signature>
  </savefile>
  <savefile num="27" type="ff8" slot="1">
    <timestamp></timestamp>
    <signature>9c4b9c27b95006dba89b34590be950e6</signature>
  </savefile>
  <savefile num="28" type="ff8" slot="1">
    <timestamp></timestamp>
    <signature>9c4b9c27b95006dba89b34590be950e6</signature>
  </savefile>
  <savefile num="29" type="ff8" slot="1">
    <timestamp>1671208948742</timestamp>
    <signature>aed2102487cb7fa900a67dc8d9045dc6</signature>
  </savefile>
  <savefile num="30" type="ff8" slot="1">
    <timestamp>1671211162068</timestamp>
    <signature>e3a1a4070e883dc9cb53bc0a011f124b</signature>
  </savefile>
  <savefile num="1" type="ff8" slot="2">
    <timestamp></timestamp>
    <signature>9c4b9c27b95006dba89b34590be950e6</signature>
  </savefile>
  <savefile num="2" type="ff8" slot="2">
    <timestamp></timestamp>
    <signature>9c4b9c27b95006dba89b34590be950e6</signature>
  </savefile>
  <savefile num="3" type="ff8" slot="2">
    <timestamp></timestamp>
    <signature>9c4b9c27b95006dba89b34590be950e6</signature>
  </savefile>
  <savefile num="4" type="ff8" slot="2">
    <timestamp></timestamp>
    <signature>9c4b9c27b95006dba89b34590be950e6</signature>
  </savefile>
  <savefile num="5" type="ff8" slot="2">
    <timestamp></timestamp>
    <signature>9c4b9c27b95006dba89b34590be950e6</signature>
  </savefile>
  <savefile num="6" type="ff8" slot="2">
    <timestamp></timestamp>
    <signature>9c4b9c27b95006dba89b34590be950e6</signature>
  </savefile>
  <savefile num="7" type="ff8" slot="2">
    <timestamp></timestamp>
    <signature>9c4b9c27b95006dba89b34590be950e6</signature>
  </savefile>
  <savefile num="8" type="ff8" slot="2">
    <timestamp></timestamp>
    <signature>9c4b9c27b95006dba89b34590be950e6</signature>
  </savefile>
  <savefile num="9" type="ff8" slot="2">
    <timestamp></timestamp>
    <signature>9c4b9c27b95006dba89b34590be950e6</signature>
  </savefile>
  <savefile num="10" type="ff8" slot="2">
    <timestamp></timestamp>
    <signature>9c4b9c27b95006dba89b34590be950e6</signature>
  </savefile>
  <savefile num="11" type="ff8" slot="2">
    <timestamp></timestamp>
    <signature>9c4b9c27b95006dba89b34590be950e6</signature>
  </savefile>
  <savefile num="12" type="ff8" slot="2">
    <timestamp></timestamp>
    <signature>9c4b9c27b95006dba89b34590be950e6</signature>
  </savefile>
  <savefile num="13" type="ff8" slot="2">
    <timestamp></timestamp>
    <signature>9c4b9c27b95006dba89b34590be950e6</signature>
  </savefile>
  <savefile num="14" type="ff8" slot="2">
    <timestamp></timestamp>
    <signature>9c4b9c27b95006dba89b34590be950e6</signature>
  </savefile>
  <savefile num="15" type="ff8" slot="2">
    <timestamp></timestamp>
    <signature>9c4b9c27b95006dba89b34590be950e6</signature>
  </savefile>
  <savefile num="16" type="ff8" slot="2">
    <timestamp></timestamp>
    <signature>9c4b9c27b95006dba89b34590be950e6</signature>
  </savefile>
  <savefile num="17" type="ff8" slot="2">
    <timestamp></timestamp>
    <signature>9c4b9c27b95006dba89b34590be950e6</signature>
  </savefile>
  <savefile num="18" type="ff8" slot="2">
    <timestamp></timestamp>
    <signature>9c4b9c27b95006dba89b34590be950e6</signature>
  </savefile>
  <savefile num="19" type="ff8" slot="2">
    <timestamp></timestamp>
    <signature>9c4b9c27b95006dba89b34590be950e6</signature>
  </savefile>
  <savefile num="20" type="ff8" slot="2">
    <timestamp></timestamp>
    <signature>9c4b9c27b95006dba89b34590be950e6</signature>
  </savefile>
  <savefile num="21" type="ff8" slot="2">
    <timestamp></timestamp>
    <signature>9c4b9c27b95006dba89b34590be950e6</signature>
  </savefile>
  <savefile num="22" type="ff8" slot="2">
    <timestamp></timestamp>
    <signature>9c4b9c27b95006dba89b34590be950e6</signature>
  </savefile>
  <savefile num="23" type="ff8" slot="2">
    <timestamp></timestamp>
    <signature>9c4b9c27b95006dba89b34590be950e6</signature>
  </savefile>
  <savefile num="24" type="ff8" slot="2">
    <timestamp></timestamp>
    <signature>9c4b9c27b95006dba89b34590be950e6</signature>
  </savefile>
  <savefile num="25" type="ff8" slot="2">
    <timestamp></timestamp>
    <signature>9c4b9c27b95006dba89b34590be950e6</signature>
  </savefile>
  <savefile num="26" type="ff8" slot="2">
    <timestamp></timestamp>
    <signature>9c4b9c27b95006dba89b34590be950e6</signature>
  </savefile>
  <savefile num="27" type="ff8" slot="2">
    <timestamp></timestamp>
    <signature>9c4b9c27b95006dba89b34590be950e6</signature>
  </savefile>
  <savefile num="28" type="ff8" slot="2">
    <timestamp></timestamp>
    <signature>9c4b9c27b95006dba89b34590be950e6</signature>
  </savefile>
  <savefile num="29" type="ff8" slot="2">
    <timestamp></timestamp>
    <signature>9c4b9c27b95006dba89b34590be950e6</signature>
  </savefile>
  <savefile num="30" type="ff8" slot="2">
    <timestamp></timestamp>
    <signature>9c4b9c27b95006dba89b34590be950e6</signature>
  </savefile>
  <savefile type="choco">
    <timestamp></timestamp>
    <signature>9c4b9c27b95006dba89b34590be950e6</signature>
  </savefile>
</gamestatus>
